{
  "__type__": "cc.SpriteFrame",
  "content": {
    "name": "sprite24-sheet0",
    "atlas": "",
    "rect": {
      "x": 1,
      "y": 1,
      "width": 117,
      "height": 23
    },
    "offset": {
      "x": 0,
      "y": 0
    },
    "originalSize": {
      "width": 119,
      "height": 25
    },
    "rotated": false,
    "capInsets": [
      0,
      0,
      0,
      0
    ],
    "vertices": {
      "rawPosition": [
        -58.5,
        -11.5,
        0,
        58.5,
        -11.5,
        0,
        -58.5,
        11.5,
        0,
        58.5,
        11.5,
        0
      ],
      "indexes": [
        0,
        1,
        2,
        2,
        1,
        3
      ],
      "uv": [
        1,
        24,
        118,
        24,
        1,
        1,
        118,
        1
      ],
      "nuv": [
        0.008403361344537815,
        0.04,
        0.9915966386554622,
        0.04,
        0.008403361344537815,
        0.96,
        0.9915966386554622,
        0.96
      ],
      "minPos": {
        "x": -58.5,
        "y": -11.5,
        "z": 0
      },
      "maxPos": {
        "x": 58.5,
        "y": 11.5,
        "z": 0
      }
    },
    "texture": "462c308f-6e0a-4049-bc55-46d20e19bea9@6c48a",
    "packable": true,
    "pixelsToUnit": 100,
    "pivot": {
      "x": 0.5,
      "y": 0.5
    },
    "meshType": 0
  }
}