{
  "__type__": "cc.SpriteFrame",
  "content": {
    "name": "playButton",
    "atlas": "",
    "rect": {
      "x": 13,
      "y": 8,
      "width": 102,
      "height": 102
    },
    "offset": {
      "x": -2.5,
      "y": 2
    },
    "originalSize": {
      "width": 133,
      "height": 122
    },
    "rotated": false,
    "capInsets": [
      0,
      0,
      0,
      0
    ],
    "vertices": {
      "rawPosition": [
        -51,
        -51,
        0,
        51,
        -51,
        0,
        -51,
        51,
        0,
        51,
        51,
        0
      ],
      "indexes": [
        0,
        1,
        2,
        2,
        1,
        3
      ],
      "uv": [
        13,
        114,
        115,
        114,
        13,
        12,
        115,
        12
      ],
      "nuv": [
        0.09774436090225563,
        0.09836065573770492,
        0.8646616541353384,
        0.09836065573770492,
        0.09774436090225563,
        0.9344262295081968,
        0.8646616541353384,
        0.9344262295081968
      ],
      "minPos": {
        "x": -51,
        "y": -51,
        "z": 0
      },
      "maxPos": {
        "x": 51,
        "y": 51,
        "z": 0
      }
    },
    "texture": "a7359843-b1a6-43f9-b8fc-5276020fe294@6c48a",
    "packable": true,
    "pixelsToUnit": 100,
    "pivot": {
      "x": 0.5,
      "y": 0.5
    },
    "meshType": 0
  }
}