{
  "__type__": "cc.SpriteFrame",
  "content": {
    "name": "Layer 15",
    "atlas": "",
    "rect": {
      "x": 6,
      "y": 0,
      "width": 219,
      "height": 228
    },
    "offset": {
      "x": 0.5,
      "y": 12
    },
    "originalSize": {
      "width": 230,
      "height": 252
    },
    "rotated": false,
    "capInsets": [
      0,
      0,
      0,
      0
    ],
    "vertices": {
      "rawPosition": [
        -109.5,
        -114,
        0,
        109.5,
        -114,
        0,
        -109.5,
        114,
        0,
        109.5,
        114,
        0
      ],
      "indexes": [
        0,
        1,
        2,
        2,
        1,
        3
      ],
      "uv": [
        6,
        252,
        225,
        252,
        6,
        24,
        225,
        24
      ],
      "nuv": [
        0.02608695652173913,
        0.09523809523809523,
        0.9782608695652174,
        0.09523809523809523,
        0.02608695652173913,
        1,
        0.9782608695652174,
        1
      ],
      "minPos": {
        "x": -109.5,
        "y": -114,
        "z": 0
      },
      "maxPos": {
        "x": 109.5,
        "y": 114,
        "z": 0
      }
    },
    "texture": "a7fd6d14-8b16-4502-8fb4-d8781e55ca1c@6c48a",
    "packable": true,
    "pixelsToUnit": 100,
    "pivot": {
      "x": 0.5,
      "y": 0.5
    },
    "meshType": 0
  }
}