{
  "__type__": "cc.SpriteFrame",
  "content": {
    "name": "logoBasket",
    "atlas": "",
    "rect": {
      "x": 23,
      "y": 18,
      "width": 331,
      "height": 161
    },
    "offset": {
      "x": -5.5,
      "y": 1
    },
    "originalSize": {
      "width": 388,
      "height": 199
    },
    "rotated": false,
    "capInsets": [
      0,
      0,
      0,
      0
    ],
    "vertices": {
      "rawPosition": [
        -165.5,
        -80.5,
        0,
        165.5,
        -80.5,
        0,
        -165.5,
        80.5,
        0,
        165.5,
        80.5,
        0
      ],
      "indexes": [
        0,
        1,
        2,
        2,
        1,
        3
      ],
      "uv": [
        23,
        181,
        354,
        181,
        23,
        20,
        354,
        20
      ],
      "nuv": [
        0.059278350515463915,
        0.10050251256281408,
        0.9123711340206185,
        0.10050251256281408,
        0.059278350515463915,
        0.9095477386934674,
        0.9123711340206185,
        0.9095477386934674
      ],
      "minPos": {
        "x": -165.5,
        "y": -80.5,
        "z": 0
      },
      "maxPos": {
        "x": 165.5,
        "y": 80.5,
        "z": 0
      }
    },
    "texture": "ac603329-acc9-4e3c-9716-da62673b993d@6c48a",
    "packable": true,
    "pixelsToUnit": 100,
    "pivot": {
      "x": 0.5,
      "y": 0.5
    },
    "meshType": 0
  }
}