{
  "__type__": "cc.SpriteFrame",
  "content": {
    "name": "car",
    "atlas": "",
    "rect": {
      "x": 0,
      "y": 20,
      "width": 194,
      "height": 83
    },
    "offset": {
      "x": -4.5,
      "y": 2
    },
    "originalSize": {
      "width": 203,
      "height": 127
    },
    "rotated": false,
    "capInsets": [
      0,
      0,
      0,
      0
    ],
    "vertices": {
      "rawPosition": [
        -97,
        -41.5,
        0,
        97,
        -41.5,
        0,
        -97,
        41.5,
        0,
        97,
        41.5,
        0
      ],
      "indexes": [
        0,
        1,
        2,
        2,
        1,
        3
      ],
      "uv": [
        0,
        107,
        194,
        107,
        0,
        24,
        194,
        24
      ],
      "nuv": [
        0,
        0.1889763779527559,
        0.9556650246305419,
        0.1889763779527559,
        0,
        0.84251968503937,
        0.9556650246305419,
        0.84251968503937
      ],
      "minPos": {
        "x": -97,
        "y": -41.5,
        "z": 0
      },
      "maxPos": {
        "x": 97,
        "y": 41.5,
        "z": 0
      }
    },
    "texture": "b91c564f-cd0f-4384-bf23-a910a760443b@6c48a",
    "packable": true,
    "pixelsToUnit": 100,
    "pivot": {
      "x": 0.5,
      "y": 0.5
    },
    "meshType": 0
  }
}