{
  "__type__": "cc.SpriteFrame",
  "content": {
    "name": "Layer 14",
    "atlas": "",
    "rect": {
      "x": 6,
      "y": 0,
      "width": 218,
      "height": 237
    },
    "offset": {
      "x": 0,
      "y": 7.5
    },
    "originalSize": {
      "width": 230,
      "height": 252
    },
    "rotated": false,
    "capInsets": [
      0,
      0,
      0,
      0
    ],
    "vertices": {
      "rawPosition": [
        -109,
        -118.5,
        0,
        109,
        -118.5,
        0,
        -109,
        118.5,
        0,
        109,
        118.5,
        0
      ],
      "indexes": [
        0,
        1,
        2,
        2,
        1,
        3
      ],
      "uv": [
        6,
        252,
        224,
        252,
        6,
        15,
        224,
        15
      ],
      "nuv": [
        0.02608695652173913,
        0.05952380952380952,
        0.9739130434782609,
        0.05952380952380952,
        0.02608695652173913,
        1,
        0.9739130434782609,
        1
      ],
      "minPos": {
        "x": -109,
        "y": -118.5,
        "z": 0
      },
      "maxPos": {
        "x": 109,
        "y": 118.5,
        "z": 0
      }
    },
    "texture": "4b1e580a-e6a2-40e8-b042-e19c5b8080e9@6c48a",
    "packable": true,
    "pixelsToUnit": 100,
    "pivot": {
      "x": 0.5,
      "y": 0.5
    },
    "meshType": 0
  }
}