{
  "__type__": "cc.SpriteFrame",
  "content": {
    "name": "Layer 4",
    "atlas": "",
    "rect": {
      "x": 2,
      "y": 0,
      "width": 227,
      "height": 197
    },
    "offset": {
      "x": 0.5,
      "y": 27.5
    },
    "originalSize": {
      "width": 230,
      "height": 252
    },
    "rotated": false,
    "capInsets": [
      0,
      0,
      0,
      0
    ],
    "vertices": {
      "rawPosition": [
        -113.5,
        -98.5,
        0,
        113.5,
        -98.5,
        0,
        -113.5,
        98.5,
        0,
        113.5,
        98.5,
        0
      ],
      "indexes": [
        0,
        1,
        2,
        2,
        1,
        3
      ],
      "uv": [
        2,
        252,
        229,
        252,
        2,
        55,
        229,
        55
      ],
      "nuv": [
        0.008695652173913044,
        0.21825396825396826,
        0.9956521739130435,
        0.21825396825396826,
        0.008695652173913044,
        1,
        0.9956521739130435,
        1
      ],
      "minPos": {
        "x": -113.5,
        "y": -98.5,
        "z": 0
      },
      "maxPos": {
        "x": 113.5,
        "y": 98.5,
        "z": 0
      }
    },
    "texture": "abad417f-aa9d-4192-a7e3-de7735ea5e35@6c48a",
    "packable": true,
    "pixelsToUnit": 100,
    "pivot": {
      "x": 0.5,
      "y": 0.5
    },
    "meshType": 0
  }
}