{
  "__type__": "cc.SpriteFrame",
  "content": {
    "name": "button",
    "atlas": "",
    "rect": {
      "x": 12,
      "y": 6,
      "width": 190,
      "height": 49
    },
    "offset": {
      "x": 1,
      "y": 0.5
    },
    "originalSize": {
      "width": 212,
      "height": 62
    },
    "rotated": false,
    "capInsets": [
      0,
      0,
      0,
      0
    ],
    "vertices": {
      "rawPosition": [
        -95,
        -24.5,
        0,
        95,
        -24.5,
        0,
        -95,
        24.5,
        0,
        95,
        24.5,
        0
      ],
      "indexes": [
        0,
        1,
        2,
        2,
        1,
        3
      ],
      "uv": [
        12,
        56,
        202,
        56,
        12,
        7,
        202,
        7
      ],
      "nuv": [
        0.05660377358490566,
        0.11290322580645161,
        0.9528301886792453,
        0.11290322580645161,
        0.05660377358490566,
        0.9032258064516129,
        0.9528301886792453,
        0.9032258064516129
      ],
      "minPos": {
        "x": -95,
        "y": -24.5,
        "z": 0
      },
      "maxPos": {
        "x": 95,
        "y": 24.5,
        "z": 0
      }
    },
    "texture": "4dc75df7-59fc-466f-9043-addc31341725@6c48a",
    "packable": true,
    "pixelsToUnit": 100,
    "pivot": {
      "x": 0.5,
      "y": 0.5
    },
    "meshType": 0
  }
}