{
  "__type__": "cc.SpriteFrame",
  "content": {
    "name": "Layer 6",
    "atlas": "",
    "rect": {
      "x": 0,
      "y": 0,
      "width": 230,
      "height": 174
    },
    "offset": {
      "x": 0,
      "y": 39
    },
    "originalSize": {
      "width": 230,
      "height": 252
    },
    "rotated": false,
    "capInsets": [
      0,
      0,
      0,
      0
    ],
    "vertices": {
      "rawPosition": [
        -115,
        -87,
        0,
        115,
        -87,
        0,
        -115,
        87,
        0,
        115,
        87,
        0
      ],
      "indexes": [
        0,
        1,
        2,
        2,
        1,
        3
      ],
      "uv": [
        0,
        252,
        230,
        252,
        0,
        78,
        230,
        78
      ],
      "nuv": [
        0,
        0.30952380952380953,
        1,
        0.30952380952380953,
        0,
        1,
        1,
        1
      ],
      "minPos": {
        "x": -115,
        "y": -87,
        "z": 0
      },
      "maxPos": {
        "x": 115,
        "y": 87,
        "z": 0
      }
    },
    "texture": "47852a34-bb83-4a2a-a1da-412d01f10841@6c48a",
    "packable": true,
    "pixelsToUnit": 100,
    "pivot": {
      "x": 0.5,
      "y": 0.5
    },
    "meshType": 0
  }
}