{
  "__type__": "cc.SpriteFrame",
  "content": {
    "name": "Layer 16",
    "atlas": "",
    "rect": {
      "x": 6,
      "y": 0,
      "width": 219,
      "height": 225
    },
    "offset": {
      "x": 0.5,
      "y": 13.5
    },
    "originalSize": {
      "width": 230,
      "height": 252
    },
    "rotated": false,
    "capInsets": [
      0,
      0,
      0,
      0
    ],
    "vertices": {
      "rawPosition": [
        -109.5,
        -112.5,
        0,
        109.5,
        -112.5,
        0,
        -109.5,
        112.5,
        0,
        109.5,
        112.5,
        0
      ],
      "indexes": [
        0,
        1,
        2,
        2,
        1,
        3
      ],
      "uv": [
        6,
        252,
        225,
        252,
        6,
        27,
        225,
        27
      ],
      "nuv": [
        0.02608695652173913,
        0.10714285714285714,
        0.9782608695652174,
        0.10714285714285714,
        0.02608695652173913,
        1,
        0.9782608695652174,
        1
      ],
      "minPos": {
        "x": -109.5,
        "y": -112.5,
        "z": 0
      },
      "maxPos": {
        "x": 109.5,
        "y": 112.5,
        "z": 0
      }
    },
    "texture": "80881110-2550-4ab0-a359-83ed9c9c5f94@6c48a",
    "packable": true,
    "pixelsToUnit": 100,
    "pivot": {
      "x": 0.5,
      "y": 0.5
    },
    "meshType": 0
  }
}