{
  "__type__": "cc.SpriteFrame",
  "content": {
    "name": "Layer 1",
    "atlas": "",
    "rect": {
      "x": 6,
      "y": 0,
      "width": 218,
      "height": 226
    },
    "offset": {
      "x": 0,
      "y": 13
    },
    "originalSize": {
      "width": 230,
      "height": 252
    },
    "rotated": false,
    "capInsets": [
      0,
      0,
      0,
      0
    ],
    "vertices": {
      "rawPosition": [
        -109,
        -113,
        0,
        109,
        -113,
        0,
        -109,
        113,
        0,
        109,
        113,
        0
      ],
      "indexes": [
        0,
        1,
        2,
        2,
        1,
        3
      ],
      "uv": [
        6,
        252,
        224,
        252,
        6,
        26,
        224,
        26
      ],
      "nuv": [
        0.02608695652173913,
        0.10317460317460317,
        0.9739130434782609,
        0.10317460317460317,
        0.02608695652173913,
        1,
        0.9739130434782609,
        1
      ],
      "minPos": {
        "x": -109,
        "y": -113,
        "z": 0
      },
      "maxPos": {
        "x": 109,
        "y": 113,
        "z": 0
      }
    },
    "texture": "25842404-a85b-42dd-b3d7-1d2332e6dd8d@6c48a",
    "packable": true,
    "pixelsToUnit": 100,
    "pivot": {
      "x": 0.5,
      "y": 0.5
    },
    "meshType": 0
  }
}