{
  "__type__": "cc.SpriteFrame",
  "content": {
    "name": "Layer 13",
    "atlas": "",
    "rect": {
      "x": 6,
      "y": 0,
      "width": 219,
      "height": 245
    },
    "offset": {
      "x": 0.5,
      "y": 3.5
    },
    "originalSize": {
      "width": 230,
      "height": 252
    },
    "rotated": false,
    "capInsets": [
      0,
      0,
      0,
      0
    ],
    "vertices": {
      "rawPosition": [
        -109.5,
        -122.5,
        0,
        109.5,
        -122.5,
        0,
        -109.5,
        122.5,
        0,
        109.5,
        122.5,
        0
      ],
      "indexes": [
        0,
        1,
        2,
        2,
        1,
        3
      ],
      "uv": [
        6,
        252,
        225,
        252,
        6,
        7,
        225,
        7
      ],
      "nuv": [
        0.02608695652173913,
        0.027777777777777776,
        0.9782608695652174,
        0.027777777777777776,
        0.02608695652173913,
        1,
        0.9782608695652174,
        1
      ],
      "minPos": {
        "x": -109.5,
        "y": -122.5,
        "z": 0
      },
      "maxPos": {
        "x": 109.5,
        "y": 122.5,
        "z": 0
      }
    },
    "texture": "8cb35f94-f26b-41d4-b153-3eacd613aa7f@6c48a",
    "packable": true,
    "pixelsToUnit": 100,
    "pivot": {
      "x": 0.5,
      "y": 0.5
    },
    "meshType": 0
  }
}