{
  "__type__": "cc.SpriteFrame",
  "content": {
    "name": "Layer 7",
    "atlas": "",
    "rect": {
      "x": 0,
      "y": 0,
      "width": 230,
      "height": 163
    },
    "offset": {
      "x": 0,
      "y": 44.5
    },
    "originalSize": {
      "width": 230,
      "height": 252
    },
    "rotated": false,
    "capInsets": [
      0,
      0,
      0,
      0
    ],
    "vertices": {
      "rawPosition": [
        -115,
        -81.5,
        0,
        115,
        -81.5,
        0,
        -115,
        81.5,
        0,
        115,
        81.5,
        0
      ],
      "indexes": [
        0,
        1,
        2,
        2,
        1,
        3
      ],
      "uv": [
        0,
        252,
        230,
        252,
        0,
        89,
        230,
        89
      ],
      "nuv": [
        0,
        0.3531746031746032,
        1,
        0.3531746031746032,
        0,
        1,
        1,
        1
      ],
      "minPos": {
        "x": -115,
        "y": -81.5,
        "z": 0
      },
      "maxPos": {
        "x": 115,
        "y": 81.5,
        "z": 0
      }
    },
    "texture": "33ec08ee-4364-4b3d-a80b-6ff556ede138@6c48a",
    "packable": true,
    "pixelsToUnit": 100,
    "pivot": {
      "x": 0.5,
      "y": 0.5
    },
    "meshType": 0
  }
}