{
  "__type__": "cc.SpriteFrame",
  "content": {
    "name": "Cut",
    "atlas": "",
    "rect": {
      "x": 35,
      "y": 5,
      "width": 698,
      "height": 334
    },
    "offset": {
      "x": 6.5,
      "y": -2.5
    },
    "originalSize": {
      "width": 755,
      "height": 339
    },
    "rotated": false,
    "capInsets": [
      0,
      0,
      0,
      0
    ],
    "vertices": {
      "rawPosition": [
        -349,
        -167,
        0,
        349,
        -167,
        0,
        -349,
        167,
        0,
        349,
        167,
        0
      ],
      "indexes": [
        0,
        1,
        2,
        2,
        1,
        3
      ],
      "uv": [
        35,
        334,
        733,
        334,
        35,
        0,
        733,
        0
      ],
      "nuv": [
        0.046357615894039736,
        0,
        0.9708609271523179,
        0,
        0.046357615894039736,
        0.9852507374631269,
        0.9708609271523179,
        0.9852507374631269
      ],
      "minPos": {
        "x": -349,
        "y": -167,
        "z": 0
      },
      "maxPos": {
        "x": 349,
        "y": 167,
        "z": 0
      }
    },
    "texture": "71b484af-6bfa-4912-b71c-7d972422e522@6c48a",
    "packable": true,
    "pixelsToUnit": 100,
    "pivot": {
      "x": 0.5,
      "y": 0.5
    },
    "meshType": 0
  }
}