{
  "__type__": "cc.SpriteFrame",
  "content": {
    "name": "Layer 10",
    "atlas": "",
    "rect": {
      "x": 5,
      "y": 0,
      "width": 220,
      "height": 252
    },
    "offset": {
      "x": 0,
      "y": 0
    },
    "originalSize": {
      "width": 230,
      "height": 252
    },
    "rotated": false,
    "capInsets": [
      0,
      0,
      0,
      0
    ],
    "vertices": {
      "rawPosition": [
        -110,
        -126,
        0,
        110,
        -126,
        0,
        -110,
        126,
        0,
        110,
        126,
        0
      ],
      "indexes": [
        0,
        1,
        2,
        2,
        1,
        3
      ],
      "uv": [
        5,
        252,
        225,
        252,
        5,
        0,
        225,
        0
      ],
      "nuv": [
        0.021739130434782608,
        0,
        0.9782608695652174,
        0,
        0.021739130434782608,
        1,
        0.9782608695652174,
        1
      ],
      "minPos": {
        "x": -110,
        "y": -126,
        "z": 0
      },
      "maxPos": {
        "x": 110,
        "y": 126,
        "z": 0
      }
    },
    "texture": "819bc272-39be-449e-8b33-290199dc5970@6c48a",
    "packable": true,
    "pixelsToUnit": 100,
    "pivot": {
      "x": 0.5,
      "y": 0.5
    },
    "meshType": 0
  }
}