{
  "__type__": "cc.SpriteFrame",
  "content": {
    "name": "neon-purple-square-banner-neon-square-png",
    "atlas": "",
    "rect": {
      "x": 136,
      "y": 136,
      "width": 1656,
      "height": 1656
    },
    "offset": {
      "x": 4,
      "y": -4
    },
    "originalSize": {
      "width": 1920,
      "height": 1920
    },
    "rotated": false,
    "capInsets": [
      0,
      0,
      0,
      0
    ],
    "vertices": {
      "rawPosition": [
        -828,
        -828,
        0,
        828,
        -828,
        0,
        -828,
        828,
        0,
        828,
        828,
        0
      ],
      "indexes": [
        0,
        1,
        2,
        2,
        1,
        3
      ],
      "uv": [
        136,
        1784,
        1792,
        1784,
        136,
        128,
        1792,
        128
      ],
      "nuv": [
        0.07083333333333333,
        0.06666666666666667,
        0.9333333333333333,
        0.06666666666666667,
        0.07083333333333333,
        0.9291666666666667,
        0.9333333333333333,
        0.9291666666666667
      ],
      "minPos": {
        "x": -828,
        "y": -828,
        "z": 0
      },
      "maxPos": {
        "x": 828,
        "y": 828,
        "z": 0
      }
    },
    "texture": "917363a9-93be-4d0e-a9fe-029febd62852@6c48a",
    "packable": true,
    "pixelsToUnit": 100,
    "pivot": {
      "x": 0.5,
      "y": 0.5
    },
    "meshType": 0
  }
}